?--本脚本用于服务管理系统的数据初始化
--向用户表中增加名为"srvadmin"的用户
INSERT INTO S_USER( ACTORNO,ACTORNAME,NICKNAME,STATE,PASSWORD,STARTDATE,PASSWVALDA,FIREDATE,BIRTHDAY,TELNUM,IDCARDNO,ALLOWOPERSYS,LASTLOGDAT,CREATER,CREATTIME,USERMAIL,WRONGPINNUM,ISADMIN,MEMO,IPMASK,ORDERNO,QUESTION,ANSWER,ORGID) VALUES( 'srvadmin','后台服务管理员','后台服务管理员','1','A932549271821E2FA8505E04951BC95E','2014-03-25','2020-03-25',NULL,NULL,NULL,NULL,NULL,NULL,NULL,NULL,NULL,NULL,'1','用于后台服务监控及管理',NULL,NULL,NULL,NULL,'000000000');
--向用户归属机构表插入一条默认数据
INSERT INTO S_DEPTUSER(ORGANNO, DEPNO, ACTORNO, STATE, ORGID) VALUES ('000000000', NULL, 'srvadmin', 1, NULL);
--向角色表写入一条专属角色数据
INSERT INTO S_ROLE( ROLENO,ROLENAME,ORDERNO,TYPE,MEMO,ORGID) VALUES( '0999','后台管理员',999,999,'用于登录后台服务系统进行后台服务的管理',NULL);
--为srvadmin用户分配专属角色
INSERT INTO S_ROLEUSER(  roleno,  actorno,  state,  orgid)  VALUES(  '0999',  'srvadmin',  '1',  '');
--创建所需要的序列(s_autocode)
insert into s_autocode(atype,owner,initcycle,cur_sernum,zero_flg) values('IMSRVS_ADMIN','ALL','1',1,4);
insert into s_autocode(atype,owner,initcycle,cur_sernum,zero_flg) values('IMSRVS_CALLED','ALL','1',1,4);

--创建综合服务系统菜单
INSERT INTO S_RESOURCE ( RESOURCEID,CNNAME,SYSTEMPK,URL,PARENTID,TABLENAME,PROCID,ORDERID,MEMO,ICON,ORGID ) VALUES ( 'imsrvs','综合服务系统','imsrvs',NULL,NULL,NULL,NULL,'00099',NULL,NULL,NULL );
INSERT INTO S_RESOURCE ( RESOURCEID,CNNAME,SYSTEMPK,URL,PARENTID,TABLENAME,PROCID,ORDERID,MEMO,ICON,ORGID ) VALUES ( 'srvadminmgr','系统管理','imsrvs',NULL,'imsrvs',NULL,NULL,'99',NULL,NULL,NULL );
INSERT INTO S_RESOURCE ( RESOURCEID,CNNAME,SYSTEMPK,URL,PARENTID,TABLENAME,PROCID,ORDERID,MEMO,ICON,ORGID ) VALUES ( 'srvsysconf','系统配置','imsrvs',NULL,'srvadminmgr',NULL,NULL,'2',NULL,NULL,NULL );
INSERT INTO S_RESOURCE ( RESOURCEID,CNNAME,SYSTEMPK,URL,PARENTID,TABLENAME,PROCID,ORDERID,MEMO,ICON,ORGID ) VALUES ( 'srvResourceDefine','资源定义','imsrvs','resourceDefine.do','srvsysconf',NULL,NULL,'1',NULL,NULL,NULL );
INSERT INTO S_RESOURCE ( RESOURCEID,CNNAME,SYSTEMPK,URL,PARENTID,TABLENAME,PROCID,ORDERID,MEMO,ICON,ORGID ) VALUES ( 'srvRolePermission','资源权限','imsrvs','rolePermissionDefine__s_role.do','srvsysconf',NULL,NULL,'2',NULL,NULL,NULL );
INSERT INTO S_RESOURCE ( RESOURCEID,CNNAME,SYSTEMPK,URL,PARENTID,TABLENAME,PROCID,ORDERID,MEMO,ICON,ORGID ) VALUES ( 'srvUserPermissionFile','用户权限文件','imsrvs','userPermissionFile.do','srvsysconf',NULL,NULL,'3',NULL,NULL,NULL );
INSERT INTO S_RESOURCE ( RESOURCEID,CNNAME,SYSTEMPK,URL,PARENTID,TABLENAME,PROCID,ORDERID,MEMO,ICON,ORGID ) VALUES ( 'subsadmin','综合服务系统','imsrvs',NULL,'srvadminmgr',NULL,NULL,'1',NULL,NULL,NULL );
INSERT INTO S_RESOURCE ( RESOURCEID,CNNAME,SYSTEMPK,URL,PARENTID,TABLENAME,PROCID,ORDERID,MEMO,ICON,ORGID ) VALUES ( 'subsbaseinfo','系统基本信息','imsrvs','querySSubsInfoList.do','subsadmin',NULL,NULL,'1',NULL,NULL,NULL );
INSERT INTO S_RESOURCE ( RESOURCEID,CNNAME,SYSTEMPK,URL,PARENTID,TABLENAME,PROCID,ORDERID,MEMO,ICON,ORGID ) VALUES ( 'subsdsinfo','系统数据源信息','imsrvs','querySSubsDatasourceList.do','subsadmin',NULL,NULL,'2',NULL,NULL,NULL );
INSERT INTO S_RESOURCE ( RESOURCEID,CNNAME,SYSTEMPK,URL,PARENTID,TABLENAME,PROCID,ORDERID,MEMO,ICON,ORGID ) VALUES ( 'subsparam','系统参数信息','imsrvs','querySParamInfoList.do','subsadmin',NULL,NULL,'3',NULL,NULL,NULL );
INSERT INTO S_RESOURCE ( RESOURCEID,CNNAME,SYSTEMPK,URL,PARENTID,TABLENAME,PROCID,ORDERID,MEMO,ICON,ORGID ) VALUES ( 'srvinstmgr','系统实例信息','imsrvs',NULL,'imsrvs',NULL,NULL,'97',NULL,NULL,NULL );
INSERT INTO S_RESOURCE ( RESOURCEID,CNNAME,SYSTEMPK,URL,PARENTID,TABLENAME,PROCID,ORDERID,MEMO,ICON,ORGID ) VALUES ( 'srvsdefine','系统服务组件信息','imsrvs','querySSrvsDefineList.do','srvinstmgr',NULL,NULL,'1',NULL,NULL,NULL );
INSERT INTO S_RESOURCE ( RESOURCEID,CNNAME,SYSTEMPK,URL,PARENTID,TABLENAME,PROCID,ORDERID,MEMO,ICON,ORGID ) VALUES ( 'srvsinstance','系统注册实例信息','imsrvs','querySInstLicenseList.do','srvinstmgr',NULL,NULL,'2',NULL,NULL,NULL );
INSERT INTO S_RESOURCE ( RESOURCEID,CNNAME,SYSTEMPK,URL,PARENTID,TABLENAME,PROCID,ORDERID,MEMO,ICON,ORGID ) VALUES ( 'srvslog','系统服务实例日志','imsrvs','querySSrvsAdminLogList.do','srvinstmgr',NULL,NULL,'3',NULL,NULL,NULL );
INSERT INTO S_RESOURCE ( RESOURCEID,CNNAME,SYSTEMPK,URL,PARENTID,TABLENAME,PROCID,ORDERID,MEMO,ICON,ORGID ) VALUES ( 'srvmonitor','服务运行监控','imsrvs',NULL,'imsrvs',NULL,NULL,'96',NULL,NULL,NULL );
INSERT INTO S_RESOURCE ( RESOURCEID,CNNAME,SYSTEMPK,URL,PARENTID,TABLENAME,PROCID,ORDERID,MEMO,ICON,ORGID ) VALUES ( 'srvmonitorall','服务运行监控','imsrvs',NULL,'srvmonitor',NULL,NULL,'1',NULL,NULL,NULL );
INSERT INTO S_RESOURCE ( RESOURCEID,CNNAME,SYSTEMPK,URL,PARENTID,TABLENAME,PROCID,ORDERID,MEMO,ICON,ORGID ) VALUES ( 'batchSrvMonitor','批次服务监控','imsrvs','queryBatInstBatchList.do','srvmonitorall',NULL,NULL,'3',NULL,NULL,NULL );
INSERT INTO S_RESOURCE ( RESOURCEID,CNNAME,SYSTEMPK,URL,PARENTID,TABLENAME,PROCID,ORDERID,MEMO,ICON,ORGID ) VALUES ( 'srvcalledlog','服务调用日志','imsrvs','querySSrvsCalledLogList.do','srvmonitorall',NULL,NULL,'2',NULL,NULL,NULL );
INSERT INTO S_RESOURCE ( RESOURCEID,CNNAME,SYSTEMPK,URL,PARENTID,TABLENAME,PROCID,ORDERID,MEMO,ICON,ORGID ) VALUES ( 'srvresmonitor','内存使用监控','imsrvs','querySrvsresMonitor.do','srvmonitorall',NULL,NULL,'1',NULL,NULL,NULL );
INSERT INTO S_RESOURCE ( RESOURCEID,CNNAME,SYSTEMPK,URL,PARENTID,TABLENAME,PROCID,ORDERID,MEMO,ICON,ORGID ) VALUES ( 'srvsconfandm','服务配置与管理','imsrvs',NULL,'imsrvs',NULL,NULL,'98',NULL,NULL,NULL );
INSERT INTO S_RESOURCE ( RESOURCEID,CNNAME,SYSTEMPK,URL,PARENTID,TABLENAME,PROCID,ORDERID,MEMO,ICON,ORGID ) VALUES ( 'srvsbatchconf','批次配置与管理','imsrvs',NULL,'srvsconfandm',NULL,NULL,'3',NULL,NULL,NULL );
INSERT INTO S_RESOURCE ( RESOURCEID,CNNAME,SYSTEMPK,URL,PARENTID,TABLENAME,PROCID,ORDERID,MEMO,ICON,ORGID ) VALUES ( 'srvsbatchenv','批次参数配置','imsrvs',NULL,'srvsbatchconf',NULL,NULL,'2',NULL,NULL,NULL );
INSERT INTO S_RESOURCE ( RESOURCEID,CNNAME,SYSTEMPK,URL,PARENTID,TABLENAME,PROCID,ORDERID,MEMO,ICON,ORGID ) VALUES ( 'srvsbatchlocale','任务执行场所','imsrvs','queryBatTaskLocaleConfigList.do','srvsbatchenv',NULL,NULL,'2',NULL,NULL,NULL );
INSERT INTO S_RESOURCE ( RESOURCEID,CNNAME,SYSTEMPK,URL,PARENTID,TABLENAME,PROCID,ORDERID,MEMO,ICON,ORGID ) VALUES ( 'srvsbatchstage','批次任务阶段','imsrvs','queryBatBatchStageConfigList.do','srvsbatchenv',NULL,NULL,'1',NULL,NULL,NULL );
INSERT INTO S_RESOURCE ( RESOURCEID,CNNAME,SYSTEMPK,URL,PARENTID,TABLENAME,PROCID,ORDERID,MEMO,ICON,ORGID ) VALUES ( 'srvsbatchplugin','批次应用插件配置','imsrvs',NULL,'srvsbatchconf',NULL,NULL,'3',NULL,NULL,NULL );
INSERT INTO S_RESOURCE ( RESOURCEID,CNNAME,SYSTEMPK,URL,PARENTID,TABLENAME,PROCID,ORDERID,MEMO,ICON,ORGID ) VALUES ( 'srvsplugindefine','应用插件信息','imsrvs','queryPluginDefineList.do','srvsbatchplugin',NULL,NULL,'1',NULL,NULL,NULL );
INSERT INTO S_RESOURCE ( RESOURCEID,CNNAME,SYSTEMPK,URL,PARENTID,TABLENAME,PROCID,ORDERID,MEMO,ICON,ORGID ) VALUES ( 'srvsbatpcxxpz','批次配置与管理','imsrvs','queryBatBatchInfoConfigList.do','srvsbatchconf',NULL,NULL,'1',NULL,NULL,NULL );
INSERT INTO S_RESOURCE ( RESOURCEID,CNNAME,SYSTEMPK,URL,PARENTID,TABLENAME,PROCID,ORDERID,MEMO,ICON,ORGID ) VALUES ( 'srvsforcron','定时调度配置','imsrvs',NULL,'srvsconfandm',NULL,NULL,'2',NULL,NULL,NULL );
INSERT INTO S_RESOURCE ( RESOURCEID,CNNAME,SYSTEMPK,URL,PARENTID,TABLENAME,PROCID,ORDERID,MEMO,ICON,ORGID ) VALUES ( 'srvscronconf','定时调度配置','imsrvs','querySSrvsCronConfList.do','srvsforcron',NULL,NULL,'1',NULL,NULL,NULL );
INSERT INTO S_RESOURCEACTION ( RESOURCEID,ACTID,DESCR,FLAG,CONFIRMMSG,ORGID ) VALUES ( 'srvsysconf','visit','菜单访问','1',NULL,NULL );
INSERT INTO S_RESOURCEACTION ( RESOURCEID,ACTID,DESCR,FLAG,CONFIRMMSG,ORGID ) VALUES ( 'batchSrvMonitor','visit','菜单访问','1',NULL,NULL );
INSERT INTO S_RESOURCEACTION ( RESOURCEID,ACTID,DESCR,FLAG,CONFIRMMSG,ORGID ) VALUES ( 'srvsbatchenv','visit','菜单访问','1',NULL,NULL );
INSERT INTO S_RESOURCEACTION ( RESOURCEID,ACTID,DESCR,FLAG,CONFIRMMSG,ORGID ) VALUES ( 'subsadmin','visit','菜单访问','1',NULL,NULL );
INSERT INTO S_RESOURCEACTION ( RESOURCEID,ACTID,DESCR,FLAG,CONFIRMMSG,ORGID ) VALUES ( 'srvsinstance','add','新增','1',NULL,NULL );
INSERT INTO S_RESOURCEACTION ( RESOURCEID,ACTID,DESCR,FLAG,CONFIRMMSG,ORGID ) VALUES ( 'srvsinstance','remove','删除','1',NULL,NULL );
INSERT INTO S_RESOURCEACTION ( RESOURCEID,ACTID,DESCR,FLAG,CONFIRMMSG,ORGID ) VALUES ( 'srvsinstance','start','启动','1',NULL,NULL );
INSERT INTO S_RESOURCEACTION ( RESOURCEID,ACTID,DESCR,FLAG,CONFIRMMSG,ORGID ) VALUES ( 'srvsinstance','stop','停止','1',NULL,NULL );
INSERT INTO S_RESOURCEACTION ( RESOURCEID,ACTID,DESCR,FLAG,CONFIRMMSG,ORGID ) VALUES ( 'srvsinstance','view','查看','1',NULL,NULL );
INSERT INTO S_RESOURCEACTION ( RESOURCEID,ACTID,DESCR,FLAG,CONFIRMMSG,ORGID ) VALUES ( 'srvsinstance','visit','菜单访问','1',NULL,NULL );
INSERT INTO S_RESOURCEACTION ( RESOURCEID,ACTID,DESCR,FLAG,CONFIRMMSG,ORGID ) VALUES ( 'srvmonitor','visit','菜单访问','1',NULL,NULL );
INSERT INTO S_RESOURCEACTION ( RESOURCEID,ACTID,DESCR,FLAG,CONFIRMMSG,ORGID ) VALUES ( 'srvcalledlog','view','查看','1',NULL,NULL );
INSERT INTO S_RESOURCEACTION ( RESOURCEID,ACTID,DESCR,FLAG,CONFIRMMSG,ORGID ) VALUES ( 'srvcalledlog','visit','菜单访问','1',NULL,NULL );
INSERT INTO S_RESOURCEACTION ( RESOURCEID,ACTID,DESCR,FLAG,CONFIRMMSG,ORGID ) VALUES ( 'srvsbatchlocale','add','新增','1',NULL,NULL );
INSERT INTO S_RESOURCEACTION ( RESOURCEID,ACTID,DESCR,FLAG,CONFIRMMSG,ORGID ) VALUES ( 'srvsbatchlocale','remove','删除','1',NULL,NULL );
INSERT INTO S_RESOURCEACTION ( RESOURCEID,ACTID,DESCR,FLAG,CONFIRMMSG,ORGID ) VALUES ( 'srvsbatchlocale','update','修改','1',NULL,NULL );
INSERT INTO S_RESOURCEACTION ( RESOURCEID,ACTID,DESCR,FLAG,CONFIRMMSG,ORGID ) VALUES ( 'srvsbatchlocale','view','查看','1',NULL,NULL );
INSERT INTO S_RESOURCEACTION ( RESOURCEID,ACTID,DESCR,FLAG,CONFIRMMSG,ORGID ) VALUES ( 'srvsbatchlocale','visit','菜单访问','1',NULL,NULL );
INSERT INTO S_RESOURCEACTION ( RESOURCEID,ACTID,DESCR,FLAG,CONFIRMMSG,ORGID ) VALUES ( 'srvsplugindefine','add','新增','1',NULL,NULL );
INSERT INTO S_RESOURCEACTION ( RESOURCEID,ACTID,DESCR,FLAG,CONFIRMMSG,ORGID ) VALUES ( 'srvsplugindefine','remove','删除','1',NULL,NULL );
INSERT INTO S_RESOURCEACTION ( RESOURCEID,ACTID,DESCR,FLAG,CONFIRMMSG,ORGID ) VALUES ( 'srvsplugindefine','update','修改','1',NULL,NULL );
INSERT INTO S_RESOURCEACTION ( RESOURCEID,ACTID,DESCR,FLAG,CONFIRMMSG,ORGID ) VALUES ( 'srvsplugindefine','view','查看','1',NULL,NULL );
INSERT INTO S_RESOURCEACTION ( RESOURCEID,ACTID,DESCR,FLAG,CONFIRMMSG,ORGID ) VALUES ( 'srvsplugindefine','visit','菜单访问','1',NULL,NULL );
INSERT INTO S_RESOURCEACTION ( RESOURCEID,ACTID,DESCR,FLAG,CONFIRMMSG,ORGID ) VALUES ( 'srvsforcron','visit','菜单访问','1',NULL,NULL );
INSERT INTO S_RESOURCEACTION ( RESOURCEID,ACTID,DESCR,FLAG,CONFIRMMSG,ORGID ) VALUES ( 'srvslog','view','查看','1',NULL,NULL );
INSERT INTO S_RESOURCEACTION ( RESOURCEID,ACTID,DESCR,FLAG,CONFIRMMSG,ORGID ) VALUES ( 'srvslog','visit','菜单访问','1',NULL,NULL );
INSERT INTO S_RESOURCEACTION ( RESOURCEID,ACTID,DESCR,FLAG,CONFIRMMSG,ORGID ) VALUES ( 'srvscronconf','add','新增','1',NULL,NULL );
INSERT INTO S_RESOURCEACTION ( RESOURCEID,ACTID,DESCR,FLAG,CONFIRMMSG,ORGID ) VALUES ( 'srvscronconf','remove','删除','1',NULL,NULL );
INSERT INTO S_RESOURCEACTION ( RESOURCEID,ACTID,DESCR,FLAG,CONFIRMMSG,ORGID ) VALUES ( 'srvscronconf','update','修改','1',NULL,NULL );
INSERT INTO S_RESOURCEACTION ( RESOURCEID,ACTID,DESCR,FLAG,CONFIRMMSG,ORGID ) VALUES ( 'srvscronconf','view','查看','1',NULL,NULL );
INSERT INTO S_RESOURCEACTION ( RESOURCEID,ACTID,DESCR,FLAG,CONFIRMMSG,ORGID ) VALUES ( 'srvscronconf','visit','菜单访问','1',NULL,NULL );
INSERT INTO S_RESOURCEACTION ( RESOURCEID,ACTID,DESCR,FLAG,CONFIRMMSG,ORGID ) VALUES ( 'srvUserPermissionFile','visit','菜单访问','1',NULL,NULL );
INSERT INTO S_RESOURCEACTION ( RESOURCEID,ACTID,DESCR,FLAG,CONFIRMMSG,ORGID ) VALUES ( 'subsparam','add','新增','1',NULL,NULL );
INSERT INTO S_RESOURCEACTION ( RESOURCEID,ACTID,DESCR,FLAG,CONFIRMMSG,ORGID ) VALUES ( 'subsparam','remove','删除','1',NULL,NULL );
INSERT INTO S_RESOURCEACTION ( RESOURCEID,ACTID,DESCR,FLAG,CONFIRMMSG,ORGID ) VALUES ( 'subsparam','update','修改','1',NULL,NULL );
INSERT INTO S_RESOURCEACTION ( RESOURCEID,ACTID,DESCR,FLAG,CONFIRMMSG,ORGID ) VALUES ( 'subsparam','view','查看','1',NULL,NULL );
INSERT INTO S_RESOURCEACTION ( RESOURCEID,ACTID,DESCR,FLAG,CONFIRMMSG,ORGID ) VALUES ( 'subsparam','visit','菜单访问','1',NULL,NULL );
INSERT INTO S_RESOURCEACTION ( RESOURCEID,ACTID,DESCR,FLAG,CONFIRMMSG,ORGID ) VALUES ( 'srvsdefine','update','修改','1',NULL,NULL );
INSERT INTO S_RESOURCEACTION ( RESOURCEID,ACTID,DESCR,FLAG,CONFIRMMSG,ORGID ) VALUES ( 'srvsdefine','view','查看','1',NULL,NULL );
INSERT INTO S_RESOURCEACTION ( RESOURCEID,ACTID,DESCR,FLAG,CONFIRMMSG,ORGID ) VALUES ( 'srvsdefine','visit','菜单访问','1',NULL,NULL );
INSERT INTO S_RESOURCEACTION ( RESOURCEID,ACTID,DESCR,FLAG,CONFIRMMSG,ORGID ) VALUES ( 'imsrvs','visit','菜单访问',NULL,NULL,NULL );
INSERT INTO S_RESOURCEACTION ( RESOURCEID,ACTID,DESCR,FLAG,CONFIRMMSG,ORGID ) VALUES ( 'srvinstmgr','visit','菜单访问','1',NULL,NULL );
INSERT INTO S_RESOURCEACTION ( RESOURCEID,ACTID,DESCR,FLAG,CONFIRMMSG,ORGID ) VALUES ( 'srvsbatchconf','visit','菜单访问','1',NULL,NULL );
INSERT INTO S_RESOURCEACTION ( RESOURCEID,ACTID,DESCR,FLAG,CONFIRMMSG,ORGID ) VALUES ( 'srvsbatchstage','add','新增','1',NULL,NULL );
INSERT INTO S_RESOURCEACTION ( RESOURCEID,ACTID,DESCR,FLAG,CONFIRMMSG,ORGID ) VALUES ( 'srvsbatchstage','remove','删除','1',NULL,NULL );
INSERT INTO S_RESOURCEACTION ( RESOURCEID,ACTID,DESCR,FLAG,CONFIRMMSG,ORGID ) VALUES ( 'srvsbatchstage','update','修改','1',NULL,NULL );
INSERT INTO S_RESOURCEACTION ( RESOURCEID,ACTID,DESCR,FLAG,CONFIRMMSG,ORGID ) VALUES ( 'srvsbatchstage','view','查看','1',NULL,NULL );
INSERT INTO S_RESOURCEACTION ( RESOURCEID,ACTID,DESCR,FLAG,CONFIRMMSG,ORGID ) VALUES ( 'srvsbatchstage','visit','菜单访问','1',NULL,NULL );
INSERT INTO S_RESOURCEACTION ( RESOURCEID,ACTID,DESCR,FLAG,CONFIRMMSG,ORGID ) VALUES ( 'srvadminmgr','visit','菜单访问','1',NULL,NULL );
INSERT INTO S_RESOURCEACTION ( RESOURCEID,ACTID,DESCR,FLAG,CONFIRMMSG,ORGID ) VALUES ( 'srvResourceDefine','visit','菜单访问','1',NULL,NULL );
INSERT INTO S_RESOURCEACTION ( RESOURCEID,ACTID,DESCR,FLAG,CONFIRMMSG,ORGID ) VALUES ( 'srvRolePermission','visit','菜单访问','1',NULL,NULL );
INSERT INTO S_RESOURCEACTION ( RESOURCEID,ACTID,DESCR,FLAG,CONFIRMMSG,ORGID ) VALUES ( 'srvsconfandm','visit','菜单访问','1',NULL,NULL );
INSERT INTO S_RESOURCEACTION ( RESOURCEID,ACTID,DESCR,FLAG,CONFIRMMSG,ORGID ) VALUES ( 'srvsbatpcxxpz','add','新增','1',NULL,NULL );
INSERT INTO S_RESOURCEACTION ( RESOURCEID,ACTID,DESCR,FLAG,CONFIRMMSG,ORGID ) VALUES ( 'srvsbatpcxxpz','remove','删除','1',NULL,NULL );
INSERT INTO S_RESOURCEACTION ( RESOURCEID,ACTID,DESCR,FLAG,CONFIRMMSG,ORGID ) VALUES ( 'srvsbatpcxxpz','update','修改','1',NULL,NULL );
INSERT INTO S_RESOURCEACTION ( RESOURCEID,ACTID,DESCR,FLAG,CONFIRMMSG,ORGID ) VALUES ( 'srvsbatpcxxpz','view','查看','1',NULL,NULL );
INSERT INTO S_RESOURCEACTION ( RESOURCEID,ACTID,DESCR,FLAG,CONFIRMMSG,ORGID ) VALUES ( 'srvsbatpcxxpz','visit','菜单访问','1',NULL,NULL );
INSERT INTO S_RESOURCEACTION ( RESOURCEID,ACTID,DESCR,FLAG,CONFIRMMSG,ORGID ) VALUES ( 'srvsbatchplugin','visit','菜单访问','1',NULL,NULL );
INSERT INTO S_RESOURCEACTION ( RESOURCEID,ACTID,DESCR,FLAG,CONFIRMMSG,ORGID ) VALUES ( 'subsbaseinfo','add','新增','1',NULL,NULL );
INSERT INTO S_RESOURCEACTION ( RESOURCEID,ACTID,DESCR,FLAG,CONFIRMMSG,ORGID ) VALUES ( 'subsbaseinfo','remove','删除','1',NULL,NULL );
INSERT INTO S_RESOURCEACTION ( RESOURCEID,ACTID,DESCR,FLAG,CONFIRMMSG,ORGID ) VALUES ( 'subsbaseinfo','update','修改','1',NULL,NULL );
INSERT INTO S_RESOURCEACTION ( RESOURCEID,ACTID,DESCR,FLAG,CONFIRMMSG,ORGID ) VALUES ( 'subsbaseinfo','view','查看','1',NULL,NULL );
INSERT INTO S_RESOURCEACTION ( RESOURCEID,ACTID,DESCR,FLAG,CONFIRMMSG,ORGID ) VALUES ( 'subsbaseinfo','visit','菜单访问','1',NULL,NULL );
INSERT INTO S_RESOURCEACTION ( RESOURCEID,ACTID,DESCR,FLAG,CONFIRMMSG,ORGID ) VALUES ( 'subsdsinfo','add','新增','1',NULL,NULL );
INSERT INTO S_RESOURCEACTION ( RESOURCEID,ACTID,DESCR,FLAG,CONFIRMMSG,ORGID ) VALUES ( 'subsdsinfo','remove','删除','1',NULL,NULL );
INSERT INTO S_RESOURCEACTION ( RESOURCEID,ACTID,DESCR,FLAG,CONFIRMMSG,ORGID ) VALUES ( 'subsdsinfo','update','修改','1',NULL,NULL );
INSERT INTO S_RESOURCEACTION ( RESOURCEID,ACTID,DESCR,FLAG,CONFIRMMSG,ORGID ) VALUES ( 'subsdsinfo','view','查看','1',NULL,NULL );
INSERT INTO S_RESOURCEACTION ( RESOURCEID,ACTID,DESCR,FLAG,CONFIRMMSG,ORGID ) VALUES ( 'subsdsinfo','visit','菜单访问','1',NULL,NULL );
INSERT INTO S_RESOURCEACTION ( RESOURCEID,ACTID,DESCR,FLAG,CONFIRMMSG,ORGID ) VALUES ( 'srvmonitorall','visit','菜单访问','1',NULL,NULL );
INSERT INTO S_RESOURCEACTION ( RESOURCEID,ACTID,DESCR,FLAG,CONFIRMMSG,ORGID ) VALUES ( 'srvresmonitor','visit','菜单访问','1',NULL,NULL );



--初始化服务组件数据
delete from s_srvs_define;
insert into s_srvs_define(srvs_code,srvs_name,srvs_type,is_prvd_conf_page,is_prvd_mgr_page,is_prvd_log,is_flux_control,max_flux,srvs_class,srvs_desc)
values('tcpSrv','TCP渠道服务组件','1','N','N','Y','N',0,'com.yucheng.imsrvs.tcpchannel.TcpChannelServlet','Socket服务');
insert into s_srvs_define(srvs_code,srvs_name,srvs_type,is_prvd_conf_page,is_prvd_mgr_page,is_prvd_log,is_flux_control,max_flux,srvs_class,srvs_desc)
values('httpSrv','HTTP渠道服务组件','1','N','N','Y','N',0,'com.yucheng.imsrvs.httpchannel.HttpChannelServlet','Http服务');
insert into s_srvs_define(srvs_code,srvs_name,srvs_type,is_prvd_conf_page,is_prvd_mgr_page,is_prvd_log,is_flux_control,max_flux,srvs_class,srvs_desc)
values('cronSrv','定时调度服务组件','1','Y','N','Y','N',0,'com.yucheng.imsrvs.cron.CronServlet','根据配置定时调度');
insert into s_srvs_define(srvs_code,srvs_name,srvs_type,is_prvd_conf_page,is_prvd_mgr_page,is_prvd_log,is_flux_control,max_flux,srvs_class,srvs_desc)
values('excelSrv','EXCEL服务组件','2','N','N','Y','Y',100,'com.yucheng.imsrvs.excel.ExcelServlet','Excel导入导出');
insert into s_srvs_define(srvs_code,srvs_name,srvs_type,is_prvd_conf_page,is_prvd_mgr_page,is_prvd_log,is_flux_control,max_flux,srvs_class,srvs_desc)
values('cmptSrv','计算服务组件','1','Y','N','Y','Y',100,'com.yucheng.imsrvs.compute.ComputeServlet','提供复杂计算服务');
insert into s_srvs_define(srvs_code,srvs_name,srvs_type,is_prvd_conf_page,is_prvd_mgr_page,is_prvd_log,is_flux_control,max_flux,srvs_class,srvs_desc)
values('batchSrv','批次服务组件','1','Y','Y','Y','Y',5,'com.yucheng.imsrvs.batch.BatchServlet','运行配置好的批次');
--初始化子系统信息
INSERT INTO S_SUBS_INFO( SUBS_CODE,SUBS_NAME,SUBS_DATA_DATE,SUBS_LAST_DATA_DATE,SUBS_LOAD_DATE,SUBS_BAT_DATE,BATCH_ID_PREFIX,RSV_DATE,RSV_STATE) VALUES( 'imsrvs','服务管理系统','2014-03-01','2014-02-28','2014-03-01','2014-03-01','imsrvs',NULL,NULL);
INSERT INTO S_SUBS_INFO( SUBS_CODE,SUBS_NAME,SUBS_DATA_DATE,SUBS_LAST_DATA_DATE,SUBS_LOAD_DATE,SUBS_BAT_DATE,BATCH_ID_PREFIX,RSV_DATE,RSV_STATE) VALUES( 'grtmis','押品管理系统','2013-04-11','2013-04-10','2013-04-11','2013-04-11','grt',NULL,NULL);

--初始化服务管理系统所需字典项
INSERT INTO s_dic( ENNAME,CNNAME,OPTTYPE,MEMO,FLAG,LEVELS,ORDERID) VALUES( '1','后台型服务','s_srvs_type','服务类型','1','0',0);
INSERT INTO s_dic( ENNAME,CNNAME,OPTTYPE,MEMO,FLAG,LEVELS,ORDERID) VALUES( '2','功能型服务','s_srvs_type','服务类型','1','0',0);
INSERT INTO s_dic( ENNAME,CNNAME,OPTTYPE,MEMO,FLAG,LEVELS,ORDERID) VALUES( '1','已启动','s_srvs_inst_state','服务实例状态','1','0',0);
INSERT INTO s_dic( ENNAME,CNNAME,OPTTYPE,MEMO,FLAG,LEVELS,ORDERID) VALUES( '9','已停止','s_srvs_inst_state','服务实例状态','1','0',0);
INSERT INTO s_dic( ENNAME,CNNAME,OPTTYPE,MEMO,FLAG,LEVELS,ORDERID) VALUES( '01','创建服务实例','s_srvs_inst_action','实例日志类型','1','0',0);
INSERT INTO s_dic( ENNAME,CNNAME,OPTTYPE,MEMO,FLAG,LEVELS,ORDERID) VALUES( '02','删除服务实例','s_srvs_inst_action','实例日志类型','1','0',0);
INSERT INTO s_dic( ENNAME,CNNAME,OPTTYPE,MEMO,FLAG,LEVELS,ORDERID) VALUES( '03','启动服务实例','s_srvs_inst_action','实例日志类型','1','0',0);
INSERT INTO s_dic( ENNAME,CNNAME,OPTTYPE,MEMO,FLAG,LEVELS,ORDERID) VALUES( '04','停止服务实例','s_srvs_inst_action','实例日志类型','1','0',0);
INSERT INTO s_dic( ENNAME,CNNAME,OPTTYPE,MEMO,FLAG,LEVELS,ORDERID) VALUES( '1','成功','s_srvs_action_result','操作结果','1','0',0);
INSERT INTO s_dic( ENNAME,CNNAME,OPTTYPE,MEMO,FLAG,LEVELS,ORDERID) VALUES( '2','失败','s_srvs_action_result','操作结果','1','0',0);
INSERT INTO s_dic( ENNAME,CNNAME,OPTTYPE,MEMO,FLAG,LEVELS,ORDERID) VALUES( 'pageSrv','网页访问服务','s_srvs_log_type','服务日志类型','1','0',0);
INSERT INTO s_dic( ENNAME,CNNAME,OPTTYPE,MEMO,FLAG,LEVELS,ORDERID) VALUES( 'tcpSrv','TCP渠道服务','s_srvs_log_type','服务日志类型','1','0',0);
INSERT INTO s_dic( ENNAME,CNNAME,OPTTYPE,MEMO,FLAG,LEVELS,ORDERID) VALUES( 'httpSrv','HTTP渠道服务','s_srvs_log_type','服务日志类型','1','0',0);
INSERT INTO s_dic( ENNAME,CNNAME,OPTTYPE,MEMO,FLAG,LEVELS,ORDERID) VALUES( 'cronSrv','定时调度服务','s_srvs_log_type','服务日志类型','1','0',0);
INSERT INTO s_dic( ENNAME,CNNAME,OPTTYPE,MEMO,FLAG,LEVELS,ORDERID) VALUES( 'excelSrv','Excel服务','s_srvs_log_type','服务日志类型','1','0',0);
INSERT INTO s_dic( ENNAME,CNNAME,OPTTYPE,MEMO,FLAG,LEVELS,ORDERID) VALUES( 'cmptSrv','计算服务','s_srvs_log_type','服务日志类型','1','0',0);
INSERT INTO s_dic( ENNAME,CNNAME,OPTTYPE,MEMO,FLAG,LEVELS,ORDERID) VALUES( 'batchSrv','批次服务','s_srvs_log_type','服务日志类型','1','0',0);
INSERT INTO s_dic( ENNAME,CNNAME,OPTTYPE,MEMO,FLAG,LEVELS,ORDERID) VALUES( '01','ORACLE','s_subs_ds_type','系统数据源类型','1','0',0);
INSERT INTO s_dic( ENNAME,CNNAME,OPTTYPE,MEMO,FLAG,LEVELS,ORDERID) VALUES( '02','DB2','s_subs_ds_type','系统数据源类型','1','0',0);
INSERT INTO s_dic( ENNAME,CNNAME,OPTTYPE,MEMO,FLAG,LEVELS,ORDERID) VALUES( '03','Sybase','s_subs_ds_type','系统数据源类型','1','0',0);
INSERT INTO s_dic( ENNAME,CNNAME,OPTTYPE,MEMO,FLAG,LEVELS,ORDERID) VALUES( '04','SQL Server','s_subs_ds_type','系统数据源类型','1','0',0);
INSERT INTO s_dic( ENNAME,CNNAME,OPTTYPE,MEMO,FLAG,LEVELS,ORDERID) VALUES( '05','MYSQL','s_subs_ds_type','系统数据源类型','1','0',0);
INSERT INTO s_dic( ENNAME,CNNAME,OPTTYPE,MEMO,FLAG,LEVELS,ORDERID) VALUES( '06','Access','s_subs_ds_type','系统数据源类型','1','0',0);

--批次服务字典项
INSERT INTO S_DIC (ENNAME,CNNAME,OPTTYPE,MEMO,FLAG,LEVELS,ORDERID) VALUES ('07','更新装数完成日期(+1);动作','BAT_SYSUPD_ACTION','系统信息更新动作',NULL,NULL,0);
INSERT INTO S_DIC (ENNAME,CNNAME,OPTTYPE,MEMO,FLAG,LEVELS,ORDERID) VALUES ('08','更新批次完成日期(+1);动作','BAT_SYSUPD_ACTION','系统信息更新动作',NULL,NULL,0);
INSERT INTO S_DIC (ENNAME,CNNAME,OPTTYPE,MEMO,FLAG,LEVELS,ORDERID) VALUES ('1','JAVA插件','BAT_PLUGIN_TYPE','应用插件类型',NULL,NULL,0);
INSERT INTO S_DIC (ENNAME,CNNAME,OPTTYPE,MEMO,FLAG,LEVELS,ORDERID) VALUES ('2','SHELL插件','BAT_PLUGIN_TYPE','应用插件类型',NULL,NULL,0);
INSERT INTO S_DIC (ENNAME,CNNAME,OPTTYPE,MEMO,FLAG,LEVELS,ORDERID) VALUES ('1','全部','BAT_TASK_USE_AREA','任务使用域',NULL,NULL,0);
INSERT INTO S_DIC (ENNAME,CNNAME,OPTTYPE,MEMO,FLAG,LEVELS,ORDERID) VALUES ('2','首跑','BAT_TASK_USE_AREA','任务使用域',NULL,NULL,0);
INSERT INTO S_DIC (ENNAME,CNNAME,OPTTYPE,MEMO,FLAG,LEVELS,ORDERID) VALUES ('3','重跑','BAT_TASK_USE_AREA','任务使用域',NULL,NULL,0);
INSERT INTO S_DIC (ENNAME,CNNAME,OPTTYPE,MEMO,FLAG,LEVELS,ORDERID) VALUES ('0','无','BAT_BATCH_INTERVENE_STATE','批次干预状态',NULL,NULL,0);
INSERT INTO S_DIC (ENNAME,CNNAME,OPTTYPE,MEMO,FLAG,LEVELS,ORDERID) VALUES ('1','暂停','BAT_BATCH_INTERVENE_STATE','批次干预状态',NULL,NULL,0);
INSERT INTO S_DIC (ENNAME,CNNAME,OPTTYPE,MEMO,FLAG,LEVELS,ORDERID) VALUES ('2','中断','BAT_BATCH_INTERVENE_STATE','批次干预状态',NULL,NULL,0);
INSERT INTO S_DIC (ENNAME,CNNAME,OPTTYPE,MEMO,FLAG,LEVELS,ORDERID) VALUES ('3','重跑','BAT_BATCH_INTERVENE_STATE','批次干预状态',NULL,NULL,0);
INSERT INTO S_DIC (ENNAME,CNNAME,OPTTYPE,MEMO,FLAG,LEVELS,ORDERID) VALUES ('0','无','BAT_TASK_INTERVENE_STATE','任务干预状态',NULL,NULL,0);
INSERT INTO S_DIC (ENNAME,CNNAME,OPTTYPE,MEMO,FLAG,LEVELS,ORDERID) VALUES ('1','置过','BAT_TASK_INTERVENE_STATE','任务干预状态',NULL,NULL,0);
INSERT INTO S_DIC (ENNAME,CNNAME,OPTTYPE,MEMO,FLAG,LEVELS,ORDERID) VALUES ('2','挂起','BAT_TASK_INTERVENE_STATE','任务干预状态',NULL,NULL,0);
INSERT INTO S_DIC (ENNAME,CNNAME,OPTTYPE,MEMO,FLAG,LEVELS,ORDERID) VALUES ('3','强退','BAT_TASK_INTERVENE_STATE','任务干预状态',NULL,NULL,0);
INSERT INTO S_DIC (ENNAME,CNNAME,OPTTYPE,MEMO,FLAG,LEVELS,ORDERID) VALUES ('1','不使用','BAT_SQL_PURPOSE','SQL用途',NULL,NULL,0);
INSERT INTO S_DIC (ENNAME,CNNAME,OPTTYPE,MEMO,FLAG,LEVELS,ORDERID) VALUES ('2','作业执行前SQL','BAT_SQL_PURPOSE','SQL用途',NULL,NULL,0);
INSERT INTO S_DIC (ENNAME,CNNAME,OPTTYPE,MEMO,FLAG,LEVELS,ORDERID) VALUES ('3','作业业务逻辑','BAT_SQL_PURPOSE','SQL用途',NULL,NULL,0);
INSERT INTO S_DIC (ENNAME,CNNAME,OPTTYPE,MEMO,FLAG,LEVELS,ORDERID) VALUES ('4','作业执行后SQL','BAT_SQL_PURPOSE','SQL用途',NULL,NULL,0);
INSERT INTO S_DIC (ENNAME,CNNAME,OPTTYPE,MEMO,FLAG,LEVELS,ORDERID) VALUES ('1','先清空后装载  ','BAT_TABLE_LOAD_MODE','数据装载方式',NULL,NULL,0);
INSERT INTO S_DIC (ENNAME,CNNAME,OPTTYPE,MEMO,FLAG,LEVELS,ORDERID) VALUES ('2','直接追加','BAT_TABLE_LOAD_MODE','数据装载方式',NULL,NULL,0);
INSERT INTO S_DIC (ENNAME,CNNAME,OPTTYPE,MEMO,FLAG,LEVELS,ORDERID) VALUES ('1','普通任务','BAT_TASK_RUN_TYPE','任务执行类型',NULL,NULL,0);
INSERT INTO S_DIC (ENNAME,CNNAME,OPTTYPE,MEMO,FLAG,LEVELS,ORDERID) VALUES ('2','轮询任务','BAT_TASK_RUN_TYPE','任务执行类型',NULL,NULL,0);
INSERT INTO S_DIC (ENNAME,CNNAME,OPTTYPE,MEMO,FLAG,LEVELS,ORDERID) VALUES ('3','定期任务','BAT_TASK_RUN_TYPE','任务执行类型',NULL,NULL,0);
INSERT INTO S_DIC (ENNAME,CNNAME,OPTTYPE,MEMO,FLAG,LEVELS,ORDERID) VALUES ('01','公共类应用插件','BAT_PLUGIN_CATALOG','应用插件分类',NULL,NULL,0);
INSERT INTO S_DIC (ENNAME,CNNAME,OPTTYPE,MEMO,FLAG,LEVELS,ORDERID) VALUES ('02','ETL类应用插件','BAT_PLUGIN_CATALOG','应用插件分类',NULL,NULL,0);
INSERT INTO S_DIC (ENNAME,CNNAME,OPTTYPE,MEMO,FLAG,LEVELS,ORDERID) VALUES ('03','报送类应用插件','BAT_PLUGIN_CATALOG','应用插件分类',NULL,NULL,0);
INSERT INTO S_DIC (ENNAME,CNNAME,OPTTYPE,MEMO,FLAG,LEVELS,ORDERID) VALUES ('01','文件是否存在  ','BAT_FILE_OP','文件操作方式',NULL,NULL,0);
INSERT INTO S_DIC (ENNAME,CNNAME,OPTTYPE,MEMO,FLAG,LEVELS,ORDERID) VALUES ('02','文件压缩  ','BAT_FILE_OP','文件操作方式',NULL,NULL,0);
INSERT INTO S_DIC (ENNAME,CNNAME,OPTTYPE,MEMO,FLAG,LEVELS,ORDERID) VALUES ('03','文件删除  ','BAT_FILE_OP','文件操作方式',NULL,NULL,0);
INSERT INTO S_DIC (ENNAME,CNNAME,OPTTYPE,MEMO,FLAG,LEVELS,ORDERID) VALUES ('04','文件加密','BAT_FILE_OP','文件操作方式',NULL,NULL,0);
INSERT INTO S_DIC (ENNAME,CNNAME,OPTTYPE,MEMO,FLAG,LEVELS,ORDERID) VALUES ('1','定时调度','BAT_LAUNCH_TYPE','批次发起方式',NULL,NULL,0);
INSERT INTO S_DIC (ENNAME,CNNAME,OPTTYPE,MEMO,FLAG,LEVELS,ORDERID) VALUES ('2','手工调度','BAT_LAUNCH_TYPE','批次发起方式',NULL,NULL,0);
INSERT INTO S_DIC (ENNAME,CNNAME,OPTTYPE,MEMO,FLAG,LEVELS,ORDERID) VALUES ('3','集中调度','BAT_LAUNCH_TYPE','批次发起方式',NULL,NULL,0);
INSERT INTO S_DIC (ENNAME,CNNAME,OPTTYPE,MEMO,FLAG,LEVELS,ORDERID) VALUES ('1','出错','BAT_BATCH_STATE','批次运行状态',NULL,NULL,0);
INSERT INTO S_DIC (ENNAME,CNNAME,OPTTYPE,MEMO,FLAG,LEVELS,ORDERID) VALUES ('2','警告','BAT_BATCH_STATE','批次运行状态',NULL,NULL,0);
INSERT INTO S_DIC (ENNAME,CNNAME,OPTTYPE,MEMO,FLAG,LEVELS,ORDERID) VALUES ('3','运行','BAT_BATCH_STATE','批次运行状态',NULL,NULL,0);
INSERT INTO S_DIC (ENNAME,CNNAME,OPTTYPE,MEMO,FLAG,LEVELS,ORDERID) VALUES ('4','空闲','BAT_BATCH_STATE','批次运行状态',NULL,NULL,0);
INSERT INTO S_DIC (ENNAME,CNNAME,OPTTYPE,MEMO,FLAG,LEVELS,ORDERID) VALUES ('8','初始','BAT_BATCH_STATE','批次运行状态',NULL,NULL,0);
INSERT INTO S_DIC (ENNAME,CNNAME,OPTTYPE,MEMO,FLAG,LEVELS,ORDERID) VALUES ('9','结束','BAT_BATCH_STATE','批次运行状态',NULL,NULL,0);
INSERT INTO S_DIC (ENNAME,CNNAME,OPTTYPE,MEMO,FLAG,LEVELS,ORDERID) VALUES ('0','本地','BAT_LOCALE_TYPE','任务场所类型',NULL,NULL,0);
INSERT INTO S_DIC (ENNAME,CNNAME,OPTTYPE,MEMO,FLAG,LEVELS,ORDERID) VALUES ('1','远程','BAT_LOCALE_TYPE','任务场所类型',NULL,NULL,0);
INSERT INTO S_DIC (ENNAME,CNNAME,OPTTYPE,MEMO,FLAG,LEVELS,ORDERID) VALUES ('0','SSH','BAT_LOGIN_TYPE','场所登录方式',NULL,NULL,0);
INSERT INTO S_DIC (ENNAME,CNNAME,OPTTYPE,MEMO,FLAG,LEVELS,ORDERID) VALUES ('1','SSL','BAT_LOGIN_TYPE','场所登录方式',NULL,NULL,0);
INSERT INTO S_DIC (ENNAME,CNNAME,OPTTYPE,MEMO,FLAG,LEVELS,ORDERID) VALUES ('1','DB','BAT_PLUGIN_SOURCE_TYPE','应用插件配置数据来源方式',NULL,NULL,0);
INSERT INTO S_DIC (ENNAME,CNNAME,OPTTYPE,MEMO,FLAG,LEVELS,ORDERID) VALUES ('2','FILE','BAT_PLUGIN_SOURCE_TYPE','应用插件配置数据来源方式',NULL,NULL,0);
INSERT INTO S_DIC (ENNAME,CNNAME,OPTTYPE,MEMO,FLAG,LEVELS,ORDERID) VALUES ('1','高','BAT_TASK_PRI','任务优先级',NULL,NULL,0);
INSERT INTO S_DIC (ENNAME,CNNAME,OPTTYPE,MEMO,FLAG,LEVELS,ORDERID) VALUES ('2','中','BAT_TASK_PRI','任务优先级',NULL,NULL,0);
INSERT INTO S_DIC (ENNAME,CNNAME,OPTTYPE,MEMO,FLAG,LEVELS,ORDERID) VALUES ('3','低','BAT_TASK_PRI','任务优先级',NULL,NULL,0);
INSERT INTO S_DIC (ENNAME,CNNAME,OPTTYPE,MEMO,FLAG,LEVELS,ORDERID) VALUES ('0','自动','BAT_TASK_SKIP_TACTIC','任务失败跳过策略',NULL,NULL,0);
INSERT INTO S_DIC (ENNAME,CNNAME,OPTTYPE,MEMO,FLAG,LEVELS,ORDERID) VALUES ('1','手动','BAT_TASK_SKIP_TACTIC','任务失败跳过策略',NULL,NULL,0);
INSERT INTO S_DIC (ENNAME,CNNAME,OPTTYPE,MEMO,FLAG,LEVELS,ORDERID) VALUES ('2','禁止','BAT_TASK_SKIP_TACTIC','任务失败跳过策略',NULL,NULL,0);
INSERT INTO S_DIC (ENNAME,CNNAME,OPTTYPE,MEMO,FLAG,LEVELS,ORDERID) VALUES ('0','超时置过','BAT_TASK_TIMEOUT_TACTIC','任务运行超时策略',NULL,NULL,0);
INSERT INTO S_DIC (ENNAME,CNNAME,OPTTYPE,MEMO,FLAG,LEVELS,ORDERID) VALUES ('1','超时挂起','BAT_TASK_TIMEOUT_TACTIC','任务运行超时策略',NULL,NULL,0);
INSERT INTO S_DIC (ENNAME,CNNAME,OPTTYPE,MEMO,FLAG,LEVELS,ORDERID) VALUES ('2','超时忽略','BAT_TASK_TIMEOUT_TACTIC','任务运行超时策略',NULL,NULL,0);
INSERT INTO S_DIC (ENNAME,CNNAME,OPTTYPE,MEMO,FLAG,LEVELS,ORDERID) VALUES ('3','超时报警','BAT_TASK_TIMEOUT_TACTIC','任务运行超时策略',NULL,NULL,0);
INSERT INTO S_DIC (ENNAME,CNNAME,OPTTYPE,MEMO,FLAG,LEVELS,ORDERID) VALUES ('0','正常','BAT_TASK_USE_STATE','任务使用状态',NULL,NULL,0);
INSERT INTO S_DIC (ENNAME,CNNAME,OPTTYPE,MEMO,FLAG,LEVELS,ORDERID) VALUES ('1','下线','BAT_TASK_USE_STATE','任务使用状态',NULL,NULL,0);
INSERT INTO S_DIC (ENNAME,CNNAME,OPTTYPE,MEMO,FLAG,LEVELS,ORDERID) VALUES ('0','未执行','BAT_TASK_RUN_STATE','任务执行状态',NULL,NULL,0);
INSERT INTO S_DIC (ENNAME,CNNAME,OPTTYPE,MEMO,FLAG,LEVELS,ORDERID) VALUES ('1','待执行','BAT_TASK_RUN_STATE','任务执行状态',NULL,NULL,0);
INSERT INTO S_DIC (ENNAME,CNNAME,OPTTYPE,MEMO,FLAG,LEVELS,ORDERID) VALUES ('2','执行中','BAT_TASK_RUN_STATE','任务执行状态',NULL,NULL,0);
INSERT INTO S_DIC (ENNAME,CNNAME,OPTTYPE,MEMO,FLAG,LEVELS,ORDERID) VALUES ('3','超时执行中','BAT_TASK_RUN_STATE','任务执行状态',NULL,NULL,0);
INSERT INTO S_DIC (ENNAME,CNNAME,OPTTYPE,MEMO,FLAG,LEVELS,ORDERID) VALUES ('4','警告执行中','BAT_TASK_RUN_STATE','任务执行状态',NULL,NULL,0);
INSERT INTO S_DIC (ENNAME,CNNAME,OPTTYPE,MEMO,FLAG,LEVELS,ORDERID) VALUES ('6','执行成功','BAT_TASK_RUN_STATE','任务执行状态',NULL,NULL,0);
INSERT INTO S_DIC (ENNAME,CNNAME,OPTTYPE,MEMO,FLAG,LEVELS,ORDERID) VALUES ('7','执行失败','BAT_TASK_RUN_STATE','任务执行状态',NULL,NULL,0);
INSERT INTO S_DIC (ENNAME,CNNAME,OPTTYPE,MEMO,FLAG,LEVELS,ORDERID) VALUES ('1','INSERT','BAT_DEAL_TYPE','装数处理方式',NULL,NULL,0);
INSERT INTO S_DIC (ENNAME,CNNAME,OPTTYPE,MEMO,FLAG,LEVELS,ORDERID) VALUES ('2','CLEAR_INSERT','BAT_DEAL_TYPE','装数处理方式',NULL,NULL,0);
INSERT INTO S_DIC (ENNAME,CNNAME,OPTTYPE,MEMO,FLAG,LEVELS,ORDERID) VALUES ('3','UPDATE_INSTERT','BAT_DEAL_TYPE','装数处理方式',NULL,NULL,0);
INSERT INTO S_DIC (ENNAME,CNNAME,OPTTYPE,MEMO,FLAG,LEVELS,ORDERID) VALUES ('0','初始化  ','BAT_LOAD_TASK_RUNSTATUS','装数任务运行状态',NULL,NULL,0);
INSERT INTO S_DIC (ENNAME,CNNAME,OPTTYPE,MEMO,FLAG,LEVELS,ORDERID) VALUES ('1','成功 ','BAT_LOAD_TASK_RUNSTATUS','装数任务运行状态',NULL,NULL,0);
INSERT INTO S_DIC (ENNAME,CNNAME,OPTTYPE,MEMO,FLAG,LEVELS,ORDERID) VALUES ('2','失败 ','BAT_LOAD_TASK_RUNSTATUS','装数任务运行状态',NULL,NULL,0);
INSERT INTO S_DIC (ENNAME,CNNAME,OPTTYPE,MEMO,FLAG,LEVELS,ORDERID) VALUES ('9','正在运行','BAT_LOAD_TASK_RUNSTATUS','装数任务运行状态',NULL,NULL,0);
INSERT INTO S_DIC (ENNAME,CNNAME,OPTTYPE,MEMO,FLAG,LEVELS,ORDERID) VALUES ('S','String ','BAT_PARAM_TYPE','参数类型',NULL,NULL,0);
INSERT INTO S_DIC (ENNAME,CNNAME,OPTTYPE,MEMO,FLAG,LEVELS,ORDERID) VALUES ('I','Integer','BAT_PARAM_TYPE','参数类型',NULL,NULL,0);
INSERT INTO S_DIC (ENNAME,CNNAME,OPTTYPE,MEMO,FLAG,LEVELS,ORDERID) VALUES ('1','继续','BAT_FAILD_DEAL_TYPE','失败处理方式',NULL,NULL,0);
INSERT INTO S_DIC (ENNAME,CNNAME,OPTTYPE,MEMO,FLAG,LEVELS,ORDERID) VALUES ('2','中止','BAT_FAILD_DEAL_TYPE','失败处理方式',NULL,NULL,0);
INSERT INTO S_DIC (ENNAME,CNNAME,OPTTYPE,MEMO,FLAG,LEVELS,ORDERID) VALUES ('3','警告并继续','BAT_FAILD_DEAL_TYPE','失败处理方式',NULL,NULL,0);
INSERT INTO S_DIC (ENNAME,CNNAME,OPTTYPE,MEMO,FLAG,LEVELS,ORDERID) VALUES ('1','临时表','BAT_TAB_TYPE','数据表类型',NULL,NULL,0);
INSERT INTO S_DIC (ENNAME,CNNAME,OPTTYPE,MEMO,FLAG,LEVELS,ORDERID) VALUES ('2','业务表','BAT_TAB_TYPE','数据表类型',NULL,NULL,0);
INSERT INTO S_DIC (ENNAME,CNNAME,OPTTYPE,MEMO,FLAG,LEVELS,ORDERID) VALUES ('00','初始化 ','BAT_TAB_LOAD_STEP','表数据装载阶段',NULL,NULL,0);
INSERT INTO S_DIC (ENNAME,CNNAME,OPTTYPE,MEMO,FLAG,LEVELS,ORDERID) VALUES ('10','装数 ','BAT_TAB_LOAD_STEP','表数据装载阶段',NULL,NULL,0);
INSERT INTO S_DIC (ENNAME,CNNAME,OPTTYPE,MEMO,FLAG,LEVELS,ORDERID) VALUES ('20','计算','BAT_TAB_LOAD_STEP','表数据装载阶段',NULL,NULL,0);
INSERT INTO S_DIC (ENNAME,CNNAME,OPTTYPE,MEMO,FLAG,LEVELS,ORDERID) VALUES ('LDCRIST','游标插入','BAT_CLS_TYPE','清数方式',NULL,NULL,0);
INSERT INTO S_DIC (ENNAME,CNNAME,OPTTYPE,MEMO,FLAG,LEVELS,ORDERID) VALUES ('LDCRRPL','游标替换','BAT_CLS_TYPE','清数方式',NULL,NULL,0);
INSERT INTO S_DIC (ENNAME,CNNAME,OPTTYPE,MEMO,FLAG,LEVELS,ORDERID) VALUES ('LDCRMTAB','游标处理月表','BAT_CLS_TYPE','清数方式',NULL,NULL,0);
INSERT INTO S_DIC (ENNAME,CNNAME,OPTTYPE,MEMO,FLAG,LEVELS,ORDERID) VALUES ('LDFLIST','文件插入','BAT_CLS_TYPE','清数方式',NULL,NULL,0);
INSERT INTO S_DIC (ENNAME,CNNAME,OPTTYPE,MEMO,FLAG,LEVELS,ORDERID) VALUES ('LDFLRPL','文件替换','BAT_CLS_TYPE','清数方式',NULL,NULL,0);
INSERT INTO S_DIC (ENNAME,CNNAME,OPTTYPE,MEMO,FLAG,LEVELS,ORDERID) VALUES ('CLRTABDAT','删除数据','BAT_CLS_TYPE','清数方式',NULL,NULL,0);
INSERT INTO S_DIC (ENNAME,CNNAME,OPTTYPE,MEMO,FLAG,LEVELS,ORDERID) VALUES ('DELPATM','删除最小月区并增加分区','BAT_CLS_TYPE','清数方式',NULL,NULL,0);
INSERT INTO S_DIC (ENNAME,CNNAME,OPTTYPE,MEMO,FLAG,LEVELS,ORDERID) VALUES ('00','无','BAT_DIFF_COMP_METHOD','差异比较方式',NULL,NULL,0);
INSERT INTO S_DIC (ENNAME,CNNAME,OPTTYPE,MEMO,FLAG,LEVELS,ORDERID) VALUES ('01','小于去年同日','BAT_DIFF_COMP_METHOD','差异比较方式',NULL,NULL,0);
INSERT INTO S_DIC (ENNAME,CNNAME,OPTTYPE,MEMO,FLAG,LEVELS,ORDERID) VALUES ('02','小于上月同日','BAT_DIFF_COMP_METHOD','差异比较方式',NULL,NULL,0);
INSERT INTO S_DIC (ENNAME,CNNAME,OPTTYPE,MEMO,FLAG,LEVELS,ORDERID) VALUES ('03','小于昨日','BAT_DIFF_COMP_METHOD','差异比较方式',NULL,NULL,0);
INSERT INTO S_DIC (ENNAME,CNNAME,OPTTYPE,MEMO,FLAG,LEVELS,ORDERID) VALUES ('06','超过去年同日','BAT_DIFF_COMP_METHOD','差异比较方式',NULL,NULL,0);
INSERT INTO S_DIC (ENNAME,CNNAME,OPTTYPE,MEMO,FLAG,LEVELS,ORDERID) VALUES ('07','超过上月同日','BAT_DIFF_COMP_METHOD','差异比较方式',NULL,NULL,0);
INSERT INTO S_DIC (ENNAME,CNNAME,OPTTYPE,MEMO,FLAG,LEVELS,ORDERID) VALUES ('08','超过昨日','BAT_DIFF_COMP_METHOD','差异比较方式',NULL,NULL,0);
INSERT INTO S_DIC (ENNAME,CNNAME,OPTTYPE,MEMO,FLAG,LEVELS,ORDERID) VALUES ('04','大于昨日','BAT_DIFF_COMP_METHOD','差异比较方式',NULL,NULL,0);
INSERT INTO S_DIC (ENNAME,CNNAME,OPTTYPE,MEMO,FLAG,LEVELS,ORDERID) VALUES ('0','无  ','BAT_CAL_TYPE','计算方式',NULL,NULL,0);
INSERT INTO S_DIC (ENNAME,CNNAME,OPTTYPE,MEMO,FLAG,LEVELS,ORDERID) VALUES ('1','UPDATE/INSERT  ','BAT_CAL_TYPE','计算方式',NULL,NULL,0);
INSERT INTO S_DIC (ENNAME,CNNAME,OPTTYPE,MEMO,FLAG,LEVELS,ORDERID) VALUES ('2','DELETE/INSERT  ','BAT_CAL_TYPE','计算方式',NULL,NULL,0);
INSERT INTO S_DIC (ENNAME,CNNAME,OPTTYPE,MEMO,FLAG,LEVELS,ORDERID) VALUES ('3','EXEC_JOB','BAT_CAL_TYPE','计算方式',NULL,NULL,0);
INSERT INTO S_DIC (ENNAME,CNNAME,OPTTYPE,MEMO,FLAG,LEVELS,ORDERID) VALUES ('1','置错','BAT_DIFF_DEAL_METHOD','差异处理方式',NULL,NULL,0);
INSERT INTO S_DIC (ENNAME,CNNAME,OPTTYPE,MEMO,FLAG,LEVELS,ORDERID) VALUES ('2','继续','BAT_DIFF_DEAL_METHOD','差异处理方式',NULL,NULL,0);
INSERT INTO S_DIC (ENNAME,CNNAME,OPTTYPE,MEMO,FLAG,LEVELS,ORDERID) VALUES ('Y','年','BAT_CYCLE_TYPE','周期类型',NULL,NULL,0);
INSERT INTO S_DIC (ENNAME,CNNAME,OPTTYPE,MEMO,FLAG,LEVELS,ORDERID) VALUES ('S','季','BAT_CYCLE_TYPE','周期类型',NULL,NULL,0);
INSERT INTO S_DIC (ENNAME,CNNAME,OPTTYPE,MEMO,FLAG,LEVELS,ORDERID) VALUES ('M','月','BAT_CYCLE_TYPE','周期类型',NULL,NULL,0);
INSERT INTO S_DIC (ENNAME,CNNAME,OPTTYPE,MEMO,FLAG,LEVELS,ORDERID) VALUES ('W','周','BAT_CYCLE_TYPE','周期类型',NULL,NULL,0);
INSERT INTO S_DIC (ENNAME,CNNAME,OPTTYPE,MEMO,FLAG,LEVELS,ORDERID) VALUES ('D','天','BAT_CYCLE_TYPE','周期类型',NULL,NULL,0);
INSERT INTO S_DIC (ENNAME,CNNAME,OPTTYPE,MEMO,FLAG,LEVELS,ORDERID) VALUES ('Y','是','STD_PUB_YN','是否',NULL,NULL,0);
INSERT INTO S_DIC (ENNAME,CNNAME,OPTTYPE,MEMO,FLAG,LEVELS,ORDERID) VALUES ('N','否','STD_PUB_YN','是否',NULL,NULL,0);
INSERT INTO S_DIC (ENNAME,CNNAME,OPTTYPE,MEMO,FLAG,LEVELS,ORDERID) VALUES ('1','成功 ','BAT_EXEC_RESULT','日志执行结果',NULL,NULL,0);
INSERT INTO S_DIC (ENNAME,CNNAME,OPTTYPE,MEMO,FLAG,LEVELS,ORDERID) VALUES ('2','警告','BAT_EXEC_RESULT','日志执行结果',NULL,NULL,0);
INSERT INTO S_DIC (ENNAME,CNNAME,OPTTYPE,MEMO,FLAG,LEVELS,ORDERID) VALUES ('3','失败 ','BAT_EXEC_RESULT','日志执行结果',NULL,NULL,0);
INSERT INTO S_DIC (ENNAME,CNNAME,OPTTYPE,MEMO,FLAG,LEVELS,ORDERID) VALUES ('CHK','校验  ','BAT_APP_TYPE','应用类型',NULL,NULL,0);
INSERT INTO S_DIC (ENNAME,CNNAME,OPTTYPE,MEMO,FLAG,LEVELS,ORDERID) VALUES ('RPT','组包  ','BAT_APP_TYPE','应用类型',NULL,NULL,0);
INSERT INTO S_DIC (ENNAME,CNNAME,OPTTYPE,MEMO,FLAG,LEVELS,ORDERID) VALUES ('STAT','统计  ','BAT_APP_TYPE','应用类型',NULL,NULL,0);
INSERT INTO S_DIC (ENNAME,CNNAME,OPTTYPE,MEMO,FLAG,LEVELS,ORDERID) VALUES ('TRANS','翻译  ','BAT_APP_TYPE','应用类型',NULL,NULL,0);
INSERT INTO S_DIC (ENNAME,CNNAME,OPTTYPE,MEMO,FLAG,LEVELS,ORDERID) VALUES ('FTP','FTP传送','BAT_APP_TYPE','应用类型',NULL,NULL,0);
INSERT INTO s_dic
(
    enname
  , cnname
  , opttype
  , memo
  , flag
  , levels
  , orderid
  , modify_date
)
VALUES
(
    '1'
  , '全局参数  '
  , 'PARAM_SCOPE'
  , '参数使用范围'
  , NULL
  , NULL
  , 0
  , NULL
);

INSERT INTO s_dic
(
    enname
  , cnname
  , opttype
  , memo
  , flag
  , levels
  , orderid
  , modify_date
)
VALUES
(
    '2'
  , '子系统参数  '
  , 'PARAM_SCOPE'
  , '参数使用范围'
  , NULL
  , NULL
  , 0
  , NULL
);

INSERT INTO s_dic
(
    enname
  , cnname
  , opttype
  , memo
  , flag
  , levels
  , orderid
  , modify_date
)
VALUES
(
    '3'
  , '应用插件参数'
  , 'PARAM_SCOPE'
  , '参数使用范围'
  , NULL
  , NULL
  , 0
  , NULL
);


INSERT INTO S_DIC (ENNAME,CNNAME,OPTTYPE,MEMO,FLAG,LEVELS,ORDERID) VALUES ('01','更新数据日期(等于平台数据日期);动作','BAT_SYSUPD_ACTION','系统信息更新动作',NULL,NULL,0);
INSERT INTO S_DIC (ENNAME,CNNAME,OPTTYPE,MEMO,FLAG,LEVELS,ORDERID) VALUES ('02','更新上一数据日期(等于平台上一数据日期);动作','BAT_SYSUPD_ACTION','系统信息更新动作',NULL,NULL,0);
INSERT INTO S_DIC (ENNAME,CNNAME,OPTTYPE,MEMO,FLAG,LEVELS,ORDERID) VALUES ('03','更新装数完成日期(等于平台装数完成日期);动作','BAT_SYSUPD_ACTION','系统信息更新动作',NULL,NULL,0);
INSERT INTO S_DIC (ENNAME,CNNAME,OPTTYPE,MEMO,FLAG,LEVELS,ORDERID) VALUES ('04','更新批次完成日期(等于平台批次完成日期);动作','BAT_SYSUPD_ACTION','系统信息更新动作',NULL,NULL,0);
INSERT INTO S_DIC (ENNAME,CNNAME,OPTTYPE,MEMO,FLAG,LEVELS,ORDERID) VALUES ('05','更新数据日期(+1);动作','BAT_SYSUPD_ACTION','系统信息更新动作',NULL,NULL,0);
INSERT INTO S_DIC (ENNAME,CNNAME,OPTTYPE,MEMO,FLAG,LEVELS,ORDERID) VALUES ('06','更新上一数据日期(+1);动作','BAT_SYSUPD_ACTION','系统信息更新动作',NULL,NULL,0);
INSERT INTO S_DIC (ENNAME,CNNAME,OPTTYPE,MEMO,FLAG,LEVELS,ORDERID) VALUES ('Y','允许','BAT_ALLOW_FLAG','允许/禁止',NULL,NULL,0);
INSERT INTO S_DIC (ENNAME,CNNAME,OPTTYPE,MEMO,FLAG,LEVELS,ORDERID) VALUES ('N','禁止','BAT_ALLOW_FLAG','允许/禁止',NULL,NULL,0);
INSERT INTO s_dic( ENNAME,CNNAME,OPTTYPE,MEMO,FLAG,LEVELS,ORDERID) VALUES( '01','按表名导出','BAT_EXPORT_MODE','数据导出方式','1','0',0);
INSERT INTO s_dic( ENNAME,CNNAME,OPTTYPE,MEMO,FLAG,LEVELS,ORDERID) VALUES( '02','按自定义SQL导出','BAT_EXPORT_MODE','数据导出方式','1','0',0);
INSERT INTO s_dic( ENNAME,CNNAME,OPTTYPE,MEMO,FLAG,LEVELS,ORDERID) VALUES( '01','按模板导出成Excel','BAT_EXCEL_OPER_TYPE','Excel操作类型','1','0',0);
INSERT INTO s_dic( ENNAME,CNNAME,OPTTYPE,MEMO,FLAG,LEVELS,ORDERID) VALUES( '10','从Excel中导入数据','BAT_EXCEL_OPER_TYPE','Excel操作类型','1','0',0);

--批次服务应用插件信息
INSERT INTO PLUGIN_DEFINE(PLUGIN_ID,PLUGIN_NAME,PLUGIN_CLASS,NEED_OTHER_DS_VAR,PLUGIN_CONFIG_URL,PLUGIN_DESC,PLUGIN_CATALOG)VALUES(1001,'系统信息更新插件','com.yucheng.assembly.plugin.common.SubsInfoUpdatePlugin','N','queryPluginSysupdConfList.do','用于更新系统信息!','01');
INSERT INTO PLUGIN_DEFINE(PLUGIN_ID,PLUGIN_NAME,PLUGIN_CLASS,NEED_OTHER_DS_VAR,PLUGIN_CONFIG_URL,PLUGIN_DESC,PLUGIN_CATALOG)VALUES(1002,'等待指定条件插件','com.yucheng.assembly.plugin.wt.WaitTruePlugin','N','queryPluginWtConfList.do','用于等待指定条件为真!','01');
INSERT INTO PLUGIN_DEFINE(PLUGIN_ID,PLUGIN_NAME,PLUGIN_CLASS,NEED_OTHER_DS_VAR,PLUGIN_CONFIG_URL,PLUGIN_DESC,PLUGIN_CATALOG)VALUES(1010,'数据文件监控插件','com.yucheng.assembly.plugin.mnt.FileMonitorPlugin','N',NULL,'用于监控文件是否到达!','02');
INSERT INTO PLUGIN_DEFINE(PLUGIN_ID,PLUGIN_NAME,PLUGIN_CLASS,NEED_OTHER_DS_VAR,PLUGIN_CONFIG_URL,PLUGIN_DESC,PLUGIN_CATALOG)VALUES(1020,'文本文件数据装载插件','com.yucheng.assembly.plugin.dataload.TxtFileLoadPlugin','N','queryPluginLoadConfList.do','用于装载文本文件数据!','02');
INSERT INTO PLUGIN_DEFINE(PLUGIN_ID,PLUGIN_NAME,PLUGIN_CLASS,NEED_OTHER_DS_VAR,PLUGIN_CONFIG_URL,PLUGIN_DESC,PLUGIN_CATALOG)VALUES(1021,'DB2数据文件装载插件','loadTab_Plugin','N','queryPluginLoadConfList.do','用于装载DB2数据文件!','02');
INSERT INTO PLUGIN_DEFINE(PLUGIN_ID,PLUGIN_NAME,PLUGIN_CLASS,NEED_OTHER_DS_VAR,PLUGIN_CONFIG_URL,PLUGIN_DESC,PLUGIN_CATALOG)VALUES(1022,'ORACLE数据文件装载插件','calcTab_Plugin','N','queryPluginLoadConfList.do','用于装载Oracle数据文件!','02');
INSERT INTO PLUGIN_DEFINE(PLUGIN_ID,PLUGIN_NAME,PLUGIN_CLASS,NEED_OTHER_DS_VAR,PLUGIN_CONFIG_URL,PLUGIN_DESC,PLUGIN_CATALOG)VALUES(1025,'导出为文本文件','com.yucheng.assembly.plugin.dataexport.ExportTxtFilePlugin','N','queryPluginExportConfList.do','用于导出为文本文件!','02');
INSERT INTO PLUGIN_DEFINE(PLUGIN_ID,PLUGIN_NAME,PLUGIN_CLASS,NEED_OTHER_DS_VAR,PLUGIN_CONFIG_URL,PLUGIN_DESC,PLUGIN_CATALOG)VALUES(1026,'Excel操作应用插件','com.yucheng.assembly.plugin.excel.ExcelPlugin','N','queryPluginExcelConfList.do','用于导入或导出Excel!','02');
INSERT INTO PLUGIN_DEFINE(PLUGIN_ID,PLUGIN_NAME,PLUGIN_CLASS,NEED_OTHER_DS_VAR,PLUGIN_CONFIG_URL,PLUGIN_DESC,PLUGIN_CATALOG)VALUES(1030,'数据检查插件','com.yucheng.assembly.plugin.check.DataCheckPlugin','N','queryPluginCheckConfList.do','根据配置语句检查数据是否正确!','01');
INSERT INTO PLUGIN_DEFINE(PLUGIN_ID,PLUGIN_NAME,PLUGIN_CLASS,NEED_OTHER_DS_VAR,PLUGIN_CONFIG_URL,PLUGIN_DESC,PLUGIN_CATALOG)VALUES(1040,'Datastage作业插件','com.yucheng.assembly.plugin.datajob.DatastageJobPlugin','Y','queryPluginJobConfList.do','调用DataStage进行作业处理!','02');
INSERT INTO PLUGIN_DEFINE(PLUGIN_ID,PLUGIN_NAME,PLUGIN_CLASS,NEED_OTHER_DS_VAR,PLUGIN_CONFIG_URL,PLUGIN_DESC,PLUGIN_CATALOG)VALUES(1041,'JAVA作业插件','com.yucheng.assembly.plugin.datajob.JavaDataJobPlugin','Y','queryPluginJobConfList.do','调用Java程序进行作业处理!','02');
INSERT INTO PLUGIN_DEFINE(PLUGIN_ID,PLUGIN_NAME,PLUGIN_CLASS,NEED_OTHER_DS_VAR,PLUGIN_CONFIG_URL,PLUGIN_DESC,PLUGIN_CATALOG)VALUES(1042,'存储过程作业插件','com.yucheng.assembly.plugin.datajob.DBProcedureJobPlugin','Y','queryPluginJobConfList.do','调用存储过程进行作业处理!','02');
INSERT INTO PLUGIN_DEFINE(PLUGIN_ID,PLUGIN_NAME,PLUGIN_CLASS,NEED_OTHER_DS_VAR,PLUGIN_CONFIG_URL,PLUGIN_DESC,PLUGIN_CATALOG)VALUES(1043,'SQL作业插件','com.yucheng.assembly.plugin.datajob.DBSqlJobPlugin','Y','queryPluginJobConfList.do','调用SQL进行作业处理(DB配置)!','02');
INSERT INTO PLUGIN_DEFINE(PLUGIN_ID,PLUGIN_NAME,PLUGIN_CLASS,NEED_OTHER_DS_VAR,PLUGIN_CONFIG_URL,PLUGIN_DESC,PLUGIN_CATALOG)VALUES(1044,'Kettle作业插件','com.yucheng.assembly.plugin.datajob.KettleJobPlugin','Y','queryPluginJobConfList.do','调用Kettle进行作业处理!','02');
INSERT INTO PLUGIN_DEFINE(PLUGIN_ID,PLUGIN_NAME,PLUGIN_CLASS,NEED_OTHER_DS_VAR,PLUGIN_CONFIG_URL,PLUGIN_DESC,PLUGIN_CATALOG)VALUES(1045,'SQL作业插件(XML)','com.yucheng.assembly.plugin.datajob.XMLSqlJobPlugin','Y','','调用SQL进行作业处理(XML配置)!','02');
INSERT INTO PLUGIN_DEFINE(PLUGIN_ID,PLUGIN_NAME,PLUGIN_CLASS,NEED_OTHER_DS_VAR,PLUGIN_CONFIG_URL,PLUGIN_DESC,PLUGIN_CATALOG)VALUES(1050,'数据组包插件','com.yucheng.assembly.plugin.datapack.DataPackPlugin','N',NULL,'根据配置对指定数据进行组包处理!','03');
INSERT INTO PLUGIN_DEFINE(PLUGIN_ID,PLUGIN_NAME,PLUGIN_CLASS,NEED_OTHER_DS_VAR,PLUGIN_CONFIG_URL,PLUGIN_DESC,PLUGIN_CATALOG)VALUES(1060,'FTP上传下载插件','com.yucheng.assembly.plugin.net.FtpPlugin','N',NULL,'根据配置对指定文件进行上传下载处理!','01');
INSERT INTO PLUGIN_DEFINE(PLUGIN_ID,PLUGIN_NAME,PLUGIN_CLASS,NEED_OTHER_DS_VAR,PLUGIN_CONFIG_URL,PLUGIN_DESC,PLUGIN_CATALOG)VALUES(1061,'EMAIL发送插件','com.yucheng.assembly.plugin.net.EmailPlugin','N',NULL,'根据配置将指定文件通过Email发送处理!','01');
INSERT INTO PLUGIN_DEFINE(PLUGIN_ID,PLUGIN_NAME,PLUGIN_CLASS,NEED_OTHER_DS_VAR,PLUGIN_CONFIG_URL,PLUGIN_DESC,PLUGIN_CATALOG)VALUES(1070,'转存清数插件','sc_Plugin','N',NULL,'根据配置对表进行清理!','02');
INSERT INTO PLUGIN_DEFINE(PLUGIN_ID,PLUGIN_NAME,PLUGIN_CLASS,NEED_OTHER_DS_VAR,PLUGIN_CONFIG_URL,PLUGIN_DESC,PLUGIN_CATALOG)VALUES(1080,'WebService插件','com.yucheng.assembly.plugin.webapp.WebAppPlugin','N','queryPluginWebappConfList.do','用于通过WebService调用Web程序中的接口!','01');
INSERT INTO PLUGIN_DEFINE(PLUGIN_ID,PLUGIN_NAME,PLUGIN_CLASS,NEED_OTHER_DS_VAR,PLUGIN_CONFIG_URL,PLUGIN_DESC,PLUGIN_CATALOG)VALUES(1090,'文件压缩删除插件','com.yucheng.assembly.plugin.fileop.FileOpPlugin','N','queryPluginFileopConfList.do','用于压缩数据文件或删除数据文件!','01');
INSERT INTO PLUGIN_DEFINE(PLUGIN_ID,PLUGIN_NAME,PLUGIN_CLASS,NEED_OTHER_DS_VAR,PLUGIN_CONFIG_URL,PLUGIN_DESC,PLUGIN_CATALOG)VALUES(1091,'重整DB2数据库表插件','com.yucheng.assembly.plugin.reform.ReformTableForDB2Plugin','N','queryPluginReformConfList.do','用于重整DB2数据库表以提高效率!','01');

--押品系统批次数据初始化
INSERT INTO BAT_BATCH_INFO_CONFIG(BATCH_ID,BATCH_NAME,SUBS_CODE,LAUNCH_TYPE,BATCH_CRON_VALUE,VALID_DATE,EQUALLY_TASK_AMOUNT,IS_RUN_AGAIN,REMARK,SRVS_INST_ID)VALUES('GRTMIS0001','押品数据移植批次','grtmis','2',NULL,NULL,5,'N','押品数据移植批次','INST_128.160.14.105_8080_batchSrv');
INSERT INTO BAT_BATCH_INFO_CONFIG(BATCH_ID,BATCH_NAME,SUBS_CODE,LAUNCH_TYPE,BATCH_CRON_VALUE,VALID_DATE,EQUALLY_TASK_AMOUNT,IS_RUN_AGAIN,REMARK,SRVS_INST_ID)VALUES('GRTMIS0002','押品系统日终批次','grtmis','2',NULL,NULL,5,'N','押品系统日终处理批次','INST_128.160.14.105_8080_batchSrv');
INSERT INTO BAT_BATCH_INFO_CONFIG(BATCH_ID,BATCH_NAME,SUBS_CODE,LAUNCH_TYPE,BATCH_CRON_VALUE,VALID_DATE,EQUALLY_TASK_AMOUNT,IS_RUN_AGAIN,REMARK,SRVS_INST_ID)VALUES('GRTMIS0003','押品系统报表批次','grtmis','2',NULL,NULL,5,'N','押品系统日终处理批次','INST_128.160.14.105_8080_batchSrv');
insert into BAT_TASK_LOCALE_CONFIG values ('DB','DB服务器','1','128.160.14.105','22','0','','','押品系统批次执行场所');
insert into BAT_BATCH_STAGE_CONFIG values ('00','公共','GRTMIS0001','押品数据移植批次');
insert into BAT_BATCH_STAGE_CONFIG values ('01','装数','GRTMIS0001','押品数据移植批次');
insert into BAT_BATCH_STAGE_CONFIG values ('05','数毕','GRTMIS0001','押品数据移植批次');
insert into BAT_BATCH_STAGE_CONFIG values ('10','校验','GRTMIS0001','押品数据移植批次');
insert into BAT_BATCH_STAGE_CONFIG values ('15','处理','GRTMIS0001','押品数据移植批次');
insert into BAT_BATCH_STAGE_CONFIG values ('99','结束','GRTMIS0001','押品数据移植批次');
insert into BAT_BATCH_STAGE_CONFIG values ('00','公共','GRTMIS0002','押品系统日终批次');
insert into BAT_BATCH_STAGE_CONFIG values ('01','装数','GRTMIS0002','押品系统日终批次');
insert into BAT_BATCH_STAGE_CONFIG values ('05','数毕','GRTMIS0002','押品系统日终批次');
insert into BAT_BATCH_STAGE_CONFIG values ('10','校验','GRTMIS0002','押品系统日终批次');
insert into BAT_BATCH_STAGE_CONFIG values ('15','处理','GRTMIS0002','押品系统日终批次');
insert into BAT_BATCH_STAGE_CONFIG values ('99','结束','GRTMIS0002','押品系统日终批次');
insert into BAT_BATCH_STAGE_CONFIG values ('00','公共','GRTMIS0003','押品系统报表批次');
insert into BAT_BATCH_STAGE_CONFIG values ('10','校验','GRTMIS0003','押品系统报表批次');
insert into BAT_BATCH_STAGE_CONFIG values ('15','处理','GRTMIS0003','押品系统报表批次');
insert into BAT_BATCH_STAGE_CONFIG values ('99','结束','GRTMIS0003','押品系统报表批次');
INSERT INTO PUB_SYS_INFO
(
    SYS_ID
  , SYS_NAME
  , HEADOFFICE
  , PROGRESS
  , OPENDAY
  , LAST_OPENDAY
  , EFFECTIVEDAYS
)
VALUES
(
    '10001                           '
  , 'cmis'
  , '00001'
  , '02'
  , '2015-03-16'
  , '2015-03-15'
  , 20000
);

INSERT INTO s_dic
(
    enname
  , cnname
  , opttype
  , memo
)
VALUES
(
    'local'
  , 'local'
  , 'JOB_CLASS_TYPE'
  , '作业类类型'
);
INSERT INTO s_dic
(
    enname
  , cnname
  , opttype
  , memo
)
VALUES
(
    'dubbo'
  , 'dubbo'
  , 'JOB_CLASS_TYPE'
  , '作业类类型'
);
INSERT INTO s_dic
(
    enname
  , cnname
  , opttype
  , memo
)
VALUES
(
    'hsf'
  , 'hsf'
  , 'JOB_CLASS_TYPE'
  , '作业类类型'
);
INSERT INTO s_dic
(
    enname
  , cnname
  , opttype
  , memo
  , flag
  , levels
  , orderid
  , modify_date
)
VALUES
(
    '0'
  , '未启动'
  , 'AGENT_STATE'
  , '代理节点状态'
  , NULL
  , NULL
  , NULL
  , NULL
);

INSERT INTO s_dic
(
    enname
  , cnname
  , opttype
  , memo
  , flag
  , levels
  , orderid
  , modify_date
)
VALUES
(
    '1'
  , '待激活'
  , 'AGENT_STATE'
  , '代理节点状态'
  , NULL
  , NULL
  , NULL
  , NULL
);

INSERT INTO s_dic
(
    enname
  , cnname
  , opttype
  , memo
  , flag
  , levels
  , orderid
  , modify_date
)
VALUES
(
    '2'
  , '运行中'
  , 'AGENT_STATE'
  , '代理节点状态'
  , NULL
  , NULL
  , NULL
  , NULL
);

INSERT INTO s_dic
(
    enname
  , cnname
  , opttype
  , memo
  , flag
  , levels
  , orderid
  , modify_date
)
VALUES
(
    '3'
  , '暂停中'
  , 'AGENT_STATE'
  , '代理节点状态'
  , NULL
  , NULL
  , NULL
  , NULL
);


update s_dic set opttype=upper(opttype);